Percentage of Women,Percentage of Men,Percentage of Eldelry - 65 or more years ,Percentage of Youth - 15-24 years,Average family size - 1 to 3 members,Town,Average family size - 4 to 6 members,Average family size - 7 or more members ,District,family
49.0,51.0,11.0,12.0,0, Bireh,1,0,Mount_Lebanon_Governorate,4-6
70.0,30.0,35.0,35.0,0,AAridet Cheikh Zennad,0,1,Akkar_Governorate,7+
53.0,47.0,80.0,3.0,0,Aaba,1,0,North_Governorate,4-6
50.0,50.0,25.0,35.0,0,Aabadiyeh,1,0,Baabda_District,4-6
50.0,50.0,60.0,20.0,0,Aabaydat,1,0,Byblos_District,4-6
55.0,45.0,5.0,20.0,0,Aabbesiyyi,1,0,Tyre_District,4-6
50.0,50.0,25.0,10.0,0,Aabra Saida,1,0,Sidon_District,4-6
52.0,48.0,20.0,20.0,0,Aabrine,1,0,Batroun_District,4-6
60.0,40.0,10.0,25.0,0,Aachach,1,0,Zgharta_District,4-6
55.0,45.0,10.0,35.0,0,Aadaysseh Marjaayoun,1,0,Marjeyoun_District,4-6
60.0,40.0,15.0,25.0,0,Aadoussiyeh,1,0,Sidon_District,4-6
60.0,40.0,4.0,18.0,0,Aain Aanoub,1,0,Aley_District,4-6
55.0,45.0,30.0,30.0,0,Aain Aarab Rachaya,1,0,Beqaa_Governorate,4-6
50.0,50.0,4.0,40.0,0,Aain Aata,1,0,Beqaa_Governorate,4-6
52.0,48.0,23.0,23.0,1,Aain Drafil,0,0,Aley_District,1-3
50.0,50.0,15.0,30.0,0,Aain Ed-Delb,1,0,Sidon_District,4-6
40.0,30.0,5.0,5.0,1,Aain Ed-Delbe,0,0,Byblos_District,1-3
55.0,45.0,30.0,10.0,0,Aain Ej-Jdideh Aaley,1,0,Aley_District,4-6
40.0,60.0,20.0,40.0,1,Aain El Saydeh,0,0,Aley_District,1-3
55.0,45.0,10.0,60.0,0,Aain El-Ghouaybeh,1,0,Byblos_District,4-6
55.0,45.0,25.0,10.0,0,Aain El-Qabu,1,0,Matn_District,4-6
50.0,50.0,25.0,20.0,0,Aain Er-Roummaneh Aaley,1,0,Aley_District,4-6
50.0,50.0,15.0,20.0,0,Aain Es-Sindiane,1,0,Matn_District,4-6
60.0,40.0,15.0,15.0,1,Aain Et-Teffaha,0,0,Matn_District,1-3
65.0,35.0,5.0,30.0,0,Aain Et-Tineh-Miniyeh,1,0,Miniyeha-Danniyeh_District,4-6
55.0,45.0,25.0,35.0,0,Aain Ez-Zeit,1,0,Akkar_Governorate,4-6
50.0,50.0,5.0,20.0,0,Aain Ez-Zeitouneh,1,0,Matn_District,4-6
55.0,45.0,15.0,35.0,1,Aain Harsha,0,0,Beqaa_Governorate,1-3
55.0,45.0,10.0,15.0,0,Aain Ibl,1,0,Bint_Jbeil_District,4-6
40.0,60.0,15.0,30.0,0,Aain Jarfa,1,0,Hasbaya_District,4-6
55.0,45.0,5.0,10.0,0,Aain Jrain,1,0,Byblos_District,4-6
60.0,40.0,25.0,20.0,0,Aain Kfar Zabad,1,0,Zahle_District,4-6
50.0,50.0,40.0,10.0,0,Aain Mouaffaq,1,0,Baabda_District,4-6
50.0,50.0,20.0,40.0,0,Aain Ouzain,1,0,Mount_Lebanon_Governorate,4-6
50.0,59.0,20.0,60.0,0,Aain Qania,1,0,Mount_Lebanon_Governorate,4-6
50.0,50.0,10.0,15.0,0,Aain Qinia,1,0,Hasbaya_District,4-6
60.0,40.0,5.0,25.0,0,Aain Tinta,1,0,Akkar_Governorate,4-6
53.0,47.0,10.0,15.0,0,Aain Traz,1,0,Aley_District,4-6
40.0,60.0,40.0,60.0,0,Aain Yaaqoub,1,0,Akkar_Governorate,4-6
54.0,46.0,25.0,30.0,0,Aain Zebdeh,1,0,Western_Beqaa_District,4-6
40.0,60.0,5.0,12.0,0,Aain Zhalta,1,0,Mount_Lebanon_Governorate,4-6
50.0,50.0,10.0,60.0,0,Aain challal,1,0,Byblos_District,4-6
35.0,65.0,5.0,20.0,1,Aaita Ej-Jabal,0,0,Bint_Jbeil_District,1-3
60.0,40.0,20.0,35.0,0,Aaiyat,1,0,Akkar_Governorate,4-6
50.0,50.0,20.0,20.0,0,Aajaltoun,1,0,Keserwan_District,4-6
52.0,48.0,20.0,70.0,0,Aakkar El-Aatiqa,1,0,Akkar_Governorate,4-6
60.0,40.0,30.0,20.0,0,Aaley,1,0,Aley_District,4-6
50.0,50.0,30.0,30.0,0,Aaley Bsatine,1,0,Aley_District,4-6
45.0,55.0,35.0,40.0,0,Aali En-Nahri,1,0,Zahle_District,4-6
50.0,50.0,10.0,60.0,0,Aalma,1,0,Zgharta_District,4-6
48.0,52.0,10.0,10.0,0,Aalma Ech-Chaab,1,0,Tyre_District,4-6
60.0,40.0,12.0,10.0,0,Aalman,1,0,Marjeyoun_District,4-6
60.0,40.0,25.0,10.0,1,Aalmane Ech-Chouf,0,0,Mount_Lebanon_Governorate,1-3
60.0,40.0,20.0,15.0,0,Aamaret El-Baykat,1,0,Akkar_Governorate,4-6
45.0,55.0,9.0,35.0,0,Aamayer,1,0,Akkar_Governorate,4-6
52.0,48.0,15.0,27.0,0,Aamchit,1,0,Byblos_District,4-6
55.0,45.0,11.0,15.0,1,Aammatour,0,0,Mount_Lebanon_Governorate,1-3
40.0,40.0,10.0,20.0,0,Aammiq Ech-Chouf,1,0,Western_Beqaa_District,4-6
55.0,45.0,20.0,30.0,0,Aana,1,0,Western_Beqaa_District,4-6
50.0,50.0,0.0,0.0,0,Aandqet,1,0,Akkar_Governorate,4-6
53.0,47.0,15.0,35.0,0,Aanjar (Haouch Moussa),1,0,Zahle_District,4-6
60.0,40.0,20.0,15.0,1,Aanout,0,0,Mount_Lebanon_Governorate,1-3
55.0,45.0,5.0,35.0,0,Aanqoun,1,0,Sidon_District,4-6
60.0,40.0,30.0,35.0,0,Aaouaainat Aakkar,1,0,Akkar_Governorate,4-6
60.0,40.0,15.0,15.0,0,Aaqabet Rachaya,1,0,Beqaa_Governorate,4-6
60.0,40.0,15.0,25.0,0,Aaqaibeh Kesrouane,1,0,Keserwan_District,4-6
55.0,45.0,10.0,10.0,0,Aaqtanit,1,0,Sidon_District,4-6
45.0,55.0,15.0,30.0,0,Aarab Salim,1,0,Nabatieh_Governorate,4-6
40.0,35.0,10.0,20.0,0,Aarab Tabbaya,1,0,Sidon_District,4-6
60.0,40.0,10.0,15.0,0,Aaraiya,1,0,Baabda_District,4-6
55.0,45.0,25.0,40.0,0,Aaramoun Kesrouane,1,0,Aley_District,4-6
53.0,47.0,10.0,20.0,0,Aaramta,1,0,South_Governorate,4-6
50.0,50.0,10.0,10.0,0,Aaray,1,0,South_Governorate,4-6
55.0,40.0,10.0,15.0,0,Aarbet Qozhaiya,1,0,Zgharta_District,4-6
50.0,50.0,20.0,2.0,0,Aarjis,1,0,Zgharta_District,4-6
47.0,53.0,10.0,59.0,0,Aarqa,1,0,Akkar_Governorate,4-6
52.0,48.0,30.0,30.0,0,Aarsal,1,0,Baalbek-Hermel_Governorate,4-6
60.0,40.0,5.0,30.0,0,Aassoun,1,0,Miniyeha-Danniyeh_District,4-6
40.0,60.0,10.0,40.0,0,Aatchaneh,1,0,Matn_District,4-6
55.0,45.0,10.0,10.0,1,Aathrine,0,0,Mount_Lebanon_Governorate,1-3
65.0,35.0,25.0,40.0,1,Aayha,0,0,Beqaa_Governorate,1-3
40.0,60.0,5.0,35.0,0,Aaymar,1,0,Miniyeha-Danniyeh_District,4-6
57.0,43.0,25.0,25.0,0,Aaynata Baalbek,1,0,Baalbek-Hermel_Governorate,4-6
55.0,45.0,15.0,35.0,0,Aayoun Aakkar,1,0,Akkar_Governorate,4-6
60.0,40.0,7.0,40.0,0,Aayoun El-Ghizlane,1,0,Akkar_Governorate,4-6
60.0,40.0,40.0,45.0,0,Aayoun El-Matn,1,0,Matn_District,4-6
50.0,50.0,15.0,15.0,1,Aayroun,0,0,Matn_District,1-3
55.0,45.0,35.0,65.0,0,Aayta Ech-Chaab,1,0,Bint_Jbeil_District,4-6
50.0,50.0,20.0,50.0,0,Aayta El-Foukhar,1,0,Beqaa_Governorate,4-6
50.0,50.0,30.0,20.0,0,Aaytanit,1,0,Western_Beqaa_District,4-6
52.0,48.0,10.0,20.0,1,Aaytat,0,0,Aley_District,1-3
58.0,42.0,3.0,7.0,0,Aaytit,1,0,Tyre_District,4-6
50.0,50.0,15.0,25.0,0,Aazour,1,0,South_Governorate,4-6
40.0,60.0,5.0,30.0,0,Aazqai,1,0,Miniyeha-Danniyeh_District,4-6
55.0,45.0,15.0,9.0,0,Aazra ouel Aazr,1,0,Keserwan_District,4-6
45.0,55.0,10.0,25.0,0,Ablah,1,0,Zahle_District,4-6
60.0,40.0,10.0,15.0,0,Abou Qamha,1,0,Hasbaya_District,4-6
55.0,45.0,10.0,30.0,0,Afqa Jbeil,1,0,Byblos_District,4-6
55.0,45.0,35.0,65.0,0,Ain Aakrine,1,0,North_Governorate,4-6
56.0,44.0,29.0,33.0,0,Aintoura Kesrouane,1,0,Keserwan_District,4-6
55.0,45.0,10.0,20.0,0,Aintourine,1,0,Zgharta_District,4-6
52.0,48.0,10.0,20.0,0,Alaq,1,0,Baalbek-Hermel_Governorate,4-6
1.0,1.0,1.0,1.0,0,Almat,1,0,Byblos_District,4-6
55.0,45.0,10.0,20.0,0,Amara,1,0,Akkar_Governorate,4-6
60.0,40.0,10.0,15.0,0,Amioun,1,0,North_Governorate,4-6
0.0,0.0,20.0,20.0,0,Anane,1,0,South_Governorate,4-6
52.0,48.0,30.0,30.0,0,Ansar,1,0,Nabatieh_Governorate,4-6
60.0,40.0,5.0,35.0,0,Ansar Baalbeck,1,0,Baalbek-Hermel_Governorate,4-6
60.0,40.0,10.0,20.0,0,Arnoun,1,0,Nabatieh_Governorate,4-6
50.0,50.0,30.0,30.0,1,Arsoun,0,0,Baabda_District,1-3
25.0,25.0,15.0,30.0,0,Arzai,1,0,Sidon_District,4-6
60.0,40.0,15.0,35.0,0,Arzoun,1,0,Tyre_District,4-6
55.0,45.0,20.0,20.0,0,Asnoun,1,0,Zgharta_District,4-6
50.0,50.0,45.0,30.0,0,Assia,1,0,Batroun_District,4-6
51.0,49.0,45.0,26.0,0,Ayto,1,0,Zgharta_District,4-6
54.0,46.0,10.0,10.0,0,Baadarane,1,0,Mount_Lebanon_Governorate,4-6
50.0,50.0,25.0,30.0,0,Baalbek,1,0,Baalbek-Hermel_Governorate,4-6
55.0,45.0,70.0,10.0,0,Baaloul West Bekaa,1,0,Western_Beqaa_District,4-6
40.0,60.0,32.0,18.0,0,Baaouerta,1,0,Aley_District,4-6
48.0,52.0,2.2,25.0,0,Baaqline,1,0,Mount_Lebanon_Governorate,4-6
40.0,60.0,20.0,30.0,0,Baassir,1,0,Mount_Lebanon_Governorate,4-6
50.0,50.0,15.0,65.0,0,Bab Mareaa,1,0,Western_Beqaa_District,4-6
60.0,40.0,10.0,20.0,0,Baghdadi,1,0,Akkar_Governorate,4-6
60.0,40.0,5.0,40.0,0,Bahbouch,1,0,North_Governorate,4-6
50.0,50.0,3.0,5.0,1,Baisour,0,0,Aley_District,1-3
55.0,45.0,25.0,20.0,0,Baisour Jezzine,1,0,South_Governorate,4-6
49.0,51.0,7.0,50.0,0,Bakhaaoun,1,0,Miniyeha-Danniyeh_District,4-6
55.0,45.0,15.0,40.0,0,Bakka,1,0,Beqaa_Governorate,4-6
60.0,40.0,16.0,39.0,0,Bakkifac Rachaya,1,0,Beqaa_Governorate,4-6
48.0,52.0,30.0,25.0,1,Balloune,0,0,Keserwan_District,1-3
50.0,50.0,30.0,20.0,0,Bane,1,0,Bsharri_District,4-6
49.0,51.0,5.0,15.0,0,Bany haiyane,1,0,Marjeyoun_District,4-6
50.0,50.0,35.0,40.0,0,Barghoun,1,0,North_Governorate,4-6
5.0,95.0,10.0,80.0,0,Barja,1,0,Mount_Lebanon_Governorate,4-6
40.0,60.0,20.0,40.0,0,Barqa,1,0,Baalbek-Hermel_Governorate,4-6
60.0,40.0,20.0,30.0,0,Barr Elias,1,0,Zahle_District,4-6
60.0,40.0,5.0,20.0,0,Barsa,1,0,North_Governorate,4-6
49.0,51.0,20.0,25.0,0,Basateen Aakar,1,0,Akkar_Governorate,4-6
50.0,50.0,30.0,20.0,0,Baskinta,1,0,Matn_District,4-6
50.0,50.0,20.0,30.0,0,Batloun,1,0,Mount_Lebanon_Governorate,4-6
60.0,40.0,20.0,40.0,0,Batoulay,1,0,Tyre_District,4-6
60.0,40.0,40.0,20.0,1,Batroumine,0,0,North_Governorate,1-3
40.0,60.0,30.0,40.0,1,Batroun,0,0,Batroun_District,1-3
50.0,50.0,20.0,30.0,0,Bayzoun,1,0,Byblos_District,4-6
35.0,65.0,14.0,56.0,0,Bazaaoun,1,0,Bsharri_District,4-6
62.0,38.0,5.0,40.0,0,Bazouriyeh,1,0,Tyre_District,4-6
50.0,50.0,30.0,25.0,0,Bcharreh,1,0,Bsharri_District,4-6
52.0,48.0,27.0,25.0,0,Bcheaali,1,0,Batroun_District,4-6
55.0,45.0,35.0,20.0,0,Bchtfine,1,0,Mount_Lebanon_Governorate,4-6
50.0,50.0,25.0,30.0,0,Bdadoun,1,0,Aley_District,4-6
55.0,45.0,18.0,20.0,0,Bdebba,1,0,North_Governorate,4-6
48.0,52.0,10.0,20.0,0,Bebnine,0,1,Akkar_Governorate,7+
55.0,45.0,60.0,15.0,0,Bechmizzine,1,0,North_Governorate,4-6
56.0,44.0,15.0,30.0,0,Bechouat,1,0,Baalbek-Hermel_Governorate,4-6
40.0,60.0,15.0,20.0,0,Bechtoudar,1,0,Batroun_District,4-6
55.0,45.0,20.0,50.0,0,Beddaoui,1,0,"Tripoli_District,_Lebanon",4-6
40.0,60.0,10.0,60.0,0,Bedghan Oua Ouadi Bedghan,1,0,Aley_District,4-6
53.0,47.0,2.0,15.0,0,Bednayel El-Koura,1,0,North_Governorate,4-6
50.0,50.0,35.0,60.0,0,Behnine,1,0,South_Governorate,4-6
50.0,50.0,25.0,25.0,0,Behouaita,1,0,Miniyeha-Danniyeh_District,4-6
60.0,40.0,20.0,30.0,0,Beino,1,0,Akkar_Governorate,4-6
60.0,40.0,20.0,40.0,0,Beit Ayoub,1,0,Akkar_Governorate,4-6
60.0,40.0,15.0,35.0,0,Beit Chama,1,0,Baalbek-Hermel_Governorate,4-6
60.0,40.0,6.0,20.0,0,Beit Chlala,1,0,Batroun_District,4-6
50.0,50.0,30.0,20.0,0,Beit Ed-Dine,1,0,Mount_Lebanon_Governorate,4-6
60.0,40.0,20.0,30.0,0,Beit El Haj,1,0,Akkar_Governorate,4-6
55.0,45.0,5.0,45.0,0,Beit El-Faqs,1,0,Miniyeha-Danniyeh_District,4-6
50.0,50.0,10.0,20.0,0,Beit El-Haouch,0,1,Akkar_Governorate,7+
52.0,48.0,10.0,50.0,0,Beit El-Kekko,1,0,Matn_District,4-6
60.0,40.0,10.0,40.0,0,Beit Haouik,1,0,Miniyeha-Danniyeh_District,4-6
40.0,60.0,20.0,10.0,0,Beit Hbaq,1,0,Byblos_District,4-6
60.0,40.0,30.0,40.0,0,Beit Lahia,1,0,Beqaa_Governorate,4-6
50.0,50.0,28.0,35.0,0,Beit Lif,0,1,Bint_Jbeil_District,7+
60.0,40.0,20.0,40.0,0,Beit Mellat,1,0,Akkar_Governorate,4-6
55.0,45.0,25.0,35.0,0,Beit Meri,1,0,Matn_District,4-6
50.0,50.0,20.0,15.0,1,Beit Monzer,0,0,Bsharri_District,1-3
35.0,65.0,20.0,35.0,0,Beit Obeid,1,0,Zgharta_District,4-6
60.0,40.0,15.0,40.0,0,Beit Younes,1,0,Akkar_Governorate,4-6
60.0,40.0,15.0,10.0,0,Bejjeh,1,0,Byblos_District,4-6
50.0,50.0,10.0,9.0,0,Bekhaaz,1,0,Byblos_District,4-6
52.0,48.0,40.0,30.0,0,Benouati Jezzine,1,0,South_Governorate,4-6
60.0,40.0,50.0,30.0,0,Bent Jbeil,1,0,Bint_Jbeil_District,4-6
55.0,45.0,12.0,10.0,0,Beqaata Kanaan,1,0,Keserwan_District,4-6
60.0,40.0,5.0,30.0,0,Berbara Aakkar,1,0,Akkar_Governorate,4-6
40.0,60.0,40.0,30.0,0,Berbara Jbeil,1,0,Byblos_District,4-6
48.0,52.0,30.0,30.0,0,Berhalioun,1,0,Bsharri_District,4-6
50.0,50.0,25.0,25.0,0,Beslouqit,1,0,Zgharta_District,4-6
40.0,60.0,60.0,40.0,1,Besri Jezzine,0,0,South_Governorate,1-3
60.0,40.0,20.0,35.0,0,Bezbina,1,0,Akkar_Governorate,4-6
55.0,45.0,40.0,25.0,0,Bhamdoun El-Mhatta,1,0,Aley_District,4-6
55.0,45.0,30.0,20.0,0,Bhersaf,1,0,Matn_District,4-6
60.0,40.0,2.0,25.0,0,Bichtlida,1,0,Byblos_District,4-6
51.0,49.0,12.0,7.0,0,Bijdarfil,1,0,Batroun_District,4-6
55.0,45.0,0.0,0.0,0,Bikfaya,1,0,Matn_District,4-6
60.0,40.0,10.0,20.0,0,Binnay,1,0,Aley_District,4-6
0.0,50.0,20.0,0.0,0,Bintaael,1,0,Byblos_District,4-6
50.0,50.0,20.0,60.0,0,Biret Aakkar,1,0,Akkar_Governorate,4-6
65.0,25.0,10.0,25.0,0,Biret Rachaya,1,0,Beqaa_Governorate,4-6
60.0,40.0,15.0,35.0,0,Bisrin,1,0,Aley_District,4-6
60.0,40.0,10.0,25.0,0,Bissariyeh,1,0,Sidon_District,4-6
60.0,40.0,15.0,25.0,0,Bizhel,1,0,Keserwan_District,4-6
50.0,50.0,35.0,30.0,0,Bkassine,1,0,South_Governorate,4-6
60.0,40.0,30.0,10.0,0,Bkeftine,1,0,North_Governorate,4-6
40.0,60.0,50.0,50.0,0,Bkhichtay,1,0,Aley_District,4-6
30.0,50.0,30.0,20.0,0,Blaouza,1,0,Bsharri_District,4-6
55.0,45.0,10.0,20.0,0,Blat Marjaayoun,1,0,Marjeyoun_District,4-6
52.0,48.0,30.0,35.0,0,Blaybel,1,0,Aley_District,4-6
60.0,40.0,10.0,10.0,0,Blida,1,0,Marjeyoun_District,4-6
55.0,45.0,10.0,10.0,1,Bmahray,0,0,Aley_District,1-3
55.0,45.0,30.0,20.0,0,Bmakine,1,0,Aley_District,4-6
60.0,40.0,30.0,35.0,0,Bmaryam,1,0,Baabda_District,4-6
60.0,40.0,5.0,35.0,1,Bnaafoul,0,0,Sidon_District,1-3
60.0,40.0,7.0,20.0,1,Bnabil,0,0,Matn_District,1-3
60.0,40.0,9.0,11.0,0,Bnehran,1,0,North_Governorate,4-6
51.0,49.0,14.0,8.0,0,Bnoueiti,1,0,Mount_Lebanon_Governorate,4-6
45.0,55.0,10.0,30.0,1,Bohwara,0,0,Aley_District,1-3
55.0,45.0,30.0,35.0,1,Borj Aakkar,0,0,Akkar_Governorate,1-3
50.0,50.0,15.0,25.0,0,Borj El-Moulouk,1,0,Marjeyoun_District,4-6
50.0,50.0,15.0,35.0,0,Borj El-Yahoudiyeh,1,0,Miniyeha-Danniyeh_District,4-6
60.0,40.0,2.0,10.0,1,Borj En-Naqoura,0,0,Tyre_District,1-3
27.0,73.0,18.0,42.0,0,Borj Rahhal,1,0,Tyre_District,4-6
51.0,49.0,30.0,35.0,0,Botmeh,1,0,Mount_Lebanon_Governorate,4-6
55.0,45.0,30.0,20.0,0,Bouaida,1,0,Marjeyoun_District,4-6
40.0,60.0,20.0,35.0,1,Bouar,0,0,Keserwan_District,1-3
60.0,40.0,10.0,10.0,0,Bouarej,1,0,Zahle_District,4-6
57.0,43.0,5.0,15.0,0,Bourj El Arab,1,0,Akkar_Governorate,4-6
60.0,40.0,30.0,60.0,0,Bourj El-Brajneh,1,0,Baabda_District,4-6
40.0,60.0,30.0,40.0,0,Bourjein,1,0,Mount_Lebanon_Governorate,4-6
49.0,51.0,20.0,8.0,0,Boussit,1,0,Zgharta_District,4-6
52.0,48.0,20.0,30.0,0,Boustane,1,0,Tyre_District,4-6
40.0,60.0,30.0,65.0,0,Boustane Heresh,1,0,Akkar_Governorate,4-6
50.0,50.0,20.0,20.0,1,Bqaa Kafra,0,0,Bsharri_District,1-3
55.0,45.0,10.0,35.0,0,Bqaa Sefrine,1,0,Miniyeha-Danniyeh_District,4-6
25.0,75.0,30.0,70.0,0,Bqaatouta,1,0,Keserwan_District,4-6
0.0,0.0,65.0,0.0,0,Bqarsouna,1,0,Miniyeha-Danniyeh_District,4-6
50.0,50.0,20.0,45.0,0,Bqerqacha,1,0,Bsharri_District,4-6
50.0,50.0,25.0,10.0,0,Bqerzla,1,0,Akkar_Governorate,4-6
49.0,51.0,30.0,35.0,0,Bqosta,1,0,Sidon_District,4-6
51.0,49.0,20.0,30.0,0,Braiqeaa,1,0,Nabatieh_Governorate,4-6
50.0,50.0,20.0,60.0,1,Bramiyeh,0,0,Sidon_District,1-3
60.0,40.0,30.0,15.0,1,Breissat,0,0,Bsharri_District,1-3
40.0,60.0,15.0,20.0,0,Brih,1,0,Mount_Lebanon_Governorate,4-6
53.0,47.0,6.5,18.0,0,Brital,1,0,Baalbek-Hermel_Governorate,4-6
50.0,50.0,5.0,20.0,0,Bsaba Baabda,1,0,Baabda_District,4-6
60.0,40.0,10.0,30.0,0,Bsaba Ech-Chouf,1,0,Mount_Lebanon_Governorate,4-6
50.0,40.0,10.0,40.0,0,Bsalim,1,0,Matn_District,4-6
70.0,30.0,35.0,5.0,0,Bsalya,1,0,South_Governorate,4-6
55.0,45.0,10.0,15.0,1,Bsarma,0,0,North_Governorate,1-3
50.0,50.0,0.0,0.0,0,Bsous,1,0,Aley_District,4-6
55.0,45.0,40.0,20.0,0,Btaaboura,1,0,North_Governorate,4-6
54.0,46.0,60.0,20.0,1,Btalloun,0,0,Aley_District,1-3
50.0,50.0,60.0,80.0,0,Btedaai,1,0,Baalbek-Hermel_Governorate,4-6
50.5,49.5,20.0,12.0,0,Bteghrine,1,0,Matn_District,4-6
55.0,45.0,25.0,20.0,0,Btekhnay,1,0,Baabda_District,4-6
52.0,48.0,9.0,20.0,0,Btermaz,1,0,Miniyeha-Danniyeh_District,4-6
60.0,40.0,20.0,30.0,0,Bterram,1,0,North_Governorate,4-6
50.0,50.0,10.0,25.0,0,Btouratij,1,0,North_Governorate,4-6
40.0,60.0,5.0,25.0,0,Byaqout,1,0,Matn_District,4-6
60.0,40.0,5.0,20.0,0,Bzal,1,0,Akkar_Governorate,4-6
60.0,40.0,30.0,30.0,0,Bziza,1,0,North_Governorate,4-6
55.0,45.0,2.0,4.0,1,Bzoummar,0,0,Keserwan_District,1-3
55.0,45.0,20.0,30.0,0,Chaaitiyeh-Malkiyah,1,0,Tyre_District,4-6
53.0,47.0,25.0,30.0,0,Chadra,1,0,Akkar_Governorate,4-6
55.0,45.0,5.0,35.0,0,Chamaa,0,1,Tyre_District,7+
60.0,40.0,15.0,20.0,1,Chamate,0,0,Byblos_District,1-3
55.0,45.0,10.0,25.0,0,Chane,1,0,Akkar_Governorate,4-6
55.0,45.0,40.0,35.0,0,Chaqdouf,1,0,Akkar_Governorate,4-6
54.0,46.0,10.0,30.0,0,Charbila,1,0,Akkar_Governorate,4-6
60.0,40.0,10.0,20.0,0,Charbine El-Hermel,1,0,Hermel_District,4-6
52.0,48.0,16.0,8.0,0,Charoun,1,0,Aley_District,4-6
50.0,50.0,20.0,50.0,0,Chartoun,1,0,Aley_District,4-6
66.0,15.0,30.0,5.0,0,Chebaa,1,0,Hasbaya_District,4-6
52.0,48.0,10.0,20.0,0,Chehabiyeh,1,0,Tyre_District,4-6
65.0,35.0,7.0,35.0,0,Chehabiyeh Faour,1,0,Zahle_District,4-6
55.0,45.0,25.0,35.0,0,Cheikh Ayash,1,0,Akkar_Governorate,4-6
54.0,46.0,27.0,15.0,0,Cheikh Mohammad,1,0,Akkar_Governorate,4-6
46.0,54.0,20.0,40.0,0,Cheikh Taba,1,0,Akkar_Governorate,4-6
60.0,40.0,10.0,40.0,0,Cheikh Zennad,0,1,Akkar_Governorate,7+
60.0,40.0,25.0,35.0,1,Chhim,0,0,Mount_Lebanon_Governorate,1-3
60.0,40.0,30.0,20.0,1,Chibtine,0,0,Batroun_District,1-3
55.0,45.0,15.0,30.0,0,Chihine,1,0,Tyre_District,4-6
50.0,50.0,50.0,20.0,1,Chimlane,0,0,Aley_District,1-3
50.0,50.0,35.0,65.0,0,Chiyah,1,0,Baabda_District,4-6
50.0,50.0,25.0,40.0,1,Chnanaair,0,0,Keserwan_District,1-3
50.0,50.0,20.0,50.0,0,Choualiq Jezzine,1,0,South_Governorate,4-6
40.0,60.0,10.0,30.0,0,Chouaya Hasbaiya,1,0,Hasbaya_District,4-6
50.0,50.0,7.0,18.0,0,Choueifat El-Aamrousiyeh,1,0,Aley_District,4-6
55.0,45.0,15.0,30.0,0,Chouit,1,0,Baabda_District,4-6
40.0,60.0,25.0,70.0,0,Choukine,1,0,Nabatieh_Governorate,4-6
50.0,50.0,15.0,20.0,0,Chourit,1,0,Mount_Lebanon_Governorate,4-6
55.0,45.0,10.0,20.0,0,Chtaura,1,0,Zahle_District,4-6
50.0,50.0,10.0,15.0,0,Daghleh,1,0,Akkar_Governorate,4-6
40.0,60.0,20.0,80.0,0,Dahr El-Ahmar,1,0,Beqaa_Governorate,4-6
60.0,40.0,5.0,10.0,0,Dahr El-Qanbar,0,1,Akkar_Governorate,7+
60.0,40.0,10.0,20.0,0,Dahr Es-Souane El-Matn,1,0,Matn_District,4-6
53.0,47.0,35.0,8.0,0,Dahr Laissine,1,0,Akkar_Governorate,4-6
54.0,46.0,7.0,25.0,0,Dalhoun,1,0,Mount_Lebanon_Governorate,4-6
55.0,45.0,20.0,20.0,1,Damour,0,0,Mount_Lebanon_Governorate,1-3
60.0,40.0,15.0,30.0,0,Daoura,0,1,Akkar_Governorate,7+
55.0,45.0,40.0,30.0,0,Daqqoun,1,0,Aley_District,4-6
50.0,50.0,10.0,50.0,0,Dar Baaechtar,1,0,North_Governorate,4-6
55.0,45.0,45.0,15.0,0,Dar Chmizzine,1,0,North_Governorate,4-6
55.0,45.0,15.0,30.0,0,Daraiya Ech-Chouf,1,0,Mount_Lebanon_Governorate,4-6
60.0,40.0,10.0,30.0,1,Daraiya Kesrouane,0,0,Keserwan_District,1-3
55.0,45.0,40.0,25.0,0,Darb Es-Sim,1,0,Sidon_District,4-6
65.0,35.0,4.0,10.0,0,Darine,1,0,Akkar_Governorate,4-6
19.0,14.0,46.0,19.0,0,Debaal Menie,0,1,Miniyeha-Danniyeh_District,7+
40.0,60.0,30.0,20.0,0,Debl,1,0,Bint_Jbeil_District,4-6
46.0,54.0,24.0,17.0,0,Deddeh,1,0,North_Governorate,4-6
52.0,48.0,14.0,28.0,0,Deir Aames,1,0,Tyre_District,4-6
50.0,50.0,20.0,25.0,0,Deir Aammar,1,0,Miniyeha-Danniyeh_District,4-6
50.0,50.0,20.0,20.0,0,Deir Baba,1,0,Mount_Lebanon_Governorate,4-6
55.0,45.0,25.0,40.0,0,Deir Billa,1,0,Batroun_District,4-6
50.0,11.33,16.66,5.0,0,Deir Chamra,1,0,Matn_District,4-6
60.0,40.0,10.0,60.0,0,Deir Dalloum,1,0,Akkar_Governorate,4-6
40.0,40.0,4.0,10.0,0,Deir Dourit,1,0,Mount_Lebanon_Governorate,4-6
50.0,50.0,10.0,65.0,0,Deir El-Aachayer,1,0,Beqaa_Governorate,4-6
50.0,50.0,30.0,30.0,0,Deir El-Ahmar,1,0,Baalbek-Hermel_Governorate,4-6
52.0,48.0,10.0,16.0,1,Deir El-Ghazal,0,0,Zahle_District,1-3
50.0,50.0,25.0,55.0,0,Deir El-harf,1,0,Baabda_District,4-6
49.06,50.93,24.29,10.28,0,Deir Jannine,1,0,Akkar_Governorate,4-6
51.0,49.0,10.0,20.0,0,Deir Kifa,1,0,Tyre_District,4-6
60.0,40.0,15.0,20.0,0,Deir Koucheh,1,0,Mount_Lebanon_Governorate,4-6
55.0,45.0,50.0,30.0,1,Deir Mimas,0,0,Marjeyoun_District,1-3
51.0,49.0,7.0,40.0,0,Deir Nbouh,1,0,Miniyeha-Danniyeh_District,4-6
50.0,50.0,9.0,31.0,0,Deir Ntar,1,0,Bint_Jbeil_District,4-6
25.0,48.0,15.0,30.0,0,Deir Qanoun El-Aain,1,0,Tyre_District,4-6
60.0,40.0,20.0,45.0,0,Deir Qanoun En-Nahr,1,0,Tyre_District,4-6
55.0,45.0,10.0,35.0,0,Deir Siriane,1,0,Marjeyoun_District,4-6
60.0,40.0,8.0,20.0,0,Dellafeh,1,0,Hasbaya_District,4-6
45.0,54.0,20.0,30.0,0,Derdaghaiya,1,0,Tyre_District,4-6
55.0,45.0,5.0,25.0,0,Dhayra,1,0,Tyre_District,4-6
47.0,53.0,15.0,30.0,0,Dhour el hawa,1,0,North_Governorate,4-6
60.0,40.0,10.0,30.0,0,Dibbabiyeh,1,0,Akkar_Governorate,4-6
40.0,60.0,45.0,55.0,1,Dibbine,0,0,Marjeyoun_District,1-3
45.0,55.0,8.0,20.0,0,Dibbiyeh,1,0,Mount_Lebanon_Governorate,4-6
60.0,40.0,15.0,30.0,0,Dik El-Mehdi,1,0,Matn_District,4-6
60.0,40.0,20.0,20.0,0,Dimane,1,0,Bsharri_District,4-6
60.0,40.0,25.0,35.0,1,Dlebta,0,0,Keserwan_District,1-3
45.0,55.0,20.0,10.0,0,Dmit,1,0,Mount_Lebanon_Governorate,4-6
0.0,0.0,0.0,20.0,0,Douair Aadouiyeh,0,1,Akkar_Governorate,7+
50.0,50.0,25.0,20.0,1,Douma,0,0,Batroun_District,1-3
55.0,45.0,5.0,15.0,0,Douris,1,0,Baalbek-Hermel_Governorate,4-6
45.0,55.0,0.0,0.0,1,Edde El-Batroun,0,0,Batroun_District,1-3
60.0,40.0,30.0,20.0,0,Eddeh Jbeil,1,0,Byblos_District,4-6
45.0,55.0,20.0,10.0,1,Eghbe,0,0,Keserwan_District,1-3
52.0,48.0,10.0,25.0,0,Ehmej,1,0,Byblos_District,4-6
65.0,45.0,40.0,30.0,0,Ein el Dahab,1,0,Akkar_Governorate,4-6
55.0,55.0,30.0,40.0,0,El Ain,1,0,Baalbek-Hermel_Governorate,4-6
55.0,45.0,25.0,30.0,1,El Ghabe,0,0,Matn_District,1-3
50.0,50.0,15.0,15.0,0,El Kfeir,1,0,Hasbaya_District,4-6
60.0,40.0,10.0,30.0,0,El Marej,1,0,Western_Beqaa_District,4-6
60.0,40.0,20.0,8.0,0,En-Nahriyyi,1,0,Akkar_Governorate,4-6
50.0,50.0,15.0,20.0,0,Enfeh,1,0,North_Governorate,4-6
50.0,50.0,30.0,40.0,0,Fanar,1,0,Matn_District,4-6
49.0,51.0,20.0,40.0,0,Faraya,1,0,Keserwan_District,4-6
40.0,60.0,10.0,30.0,0,Fard,1,0,Akkar_Governorate,4-6
55.0,45.0,10.0,35.0,0,Fardis Hasbaiya,1,0,Hasbaya_District,4-6
50.0,50.0,10.0,20.0,0,Fatqa,1,0,Keserwan_District,4-6
70.0,70.0,40.0,50.0,1,Fatre,0,0,Byblos_District,1-3
51.0,49.0,35.0,27.0,0,Fekehe,1,0,Baalbek-Hermel_Governorate,4-6
60.0,40.0,5.0,20.0,0,Ferhet,1,0,Byblos_District,4-6
52.0,48.0,15.0,35.0,0,Fghal,1,0,Byblos_District,4-6
51.0,49.0,20.0,10.0,0,Fiaa,1,0,North_Governorate,4-6
60.0,40.0,25.0,25.0,0,Fikani,1,0,Zahle_District,4-6
50.0,50.0,9.0,20.0,0,Fisan,1,0,Hermel_District,4-6
51.0,49.0,20.0,40.0,0,Fnaydek,1,0,Akkar_Governorate,4-6
60.0,40.0,15.0,27.0,0,Fouara,1,0,Mount_Lebanon_Governorate,4-6
40.0,60.0,30.0,50.0,1,Fourzol,0,0,Zahle_District,1-3
45.0,55.0,20.0,65.0,0,Fraides,1,0,Akkar_Governorate,4-6
60.0,40.0,40.0,60.0,0,Fraikeh,1,0,Matn_District,4-6
52.0,48.0,35.0,30.0,0,Fraudis Ech-Chouf,1,0,Mount_Lebanon_Governorate,4-6
65.0,45.0,20.0,40.0,0,Froun,1,0,Bint_Jbeil_District,4-6
70.0,30.0,15.0,20.0,1,Ghabat,0,0,Byblos_District,1-3
60.0,40.0,15.0,20.0,0,Ghaboune,1,0,Aley_District,4-6
65.0,35.0,15.0,38.0,0,Ghalboun,1,0,Byblos_District,4-6
40.0,60.0,20.0,40.0,0,Ghandouriyet Bent Jbeil,1,0,Bint_Jbeil_District,4-6
83.0,100.0,8.0,20.0,0,Gharzouz,1,0,Byblos_District,4-6
60.0,40.0,20.0,30.0,0,Ghassaniyeh,1,0,Sidon_District,4-6
30.0,70.0,5.0,60.0,0,Ghazayleh,1,0,Akkar_Governorate,4-6
60.0,40.0,15.0,35.0,1,Ghaziyeh,0,0,Sidon_District,1-3
55.0,45.0,25.0,25.0,0,Ghazzeh,1,0,Western_Beqaa_District,4-6
40.0,60.0,30.0,15.0,0,Ghbaet Bolonya,1,0,Matn_District,4-6
51.5,48.5,25.0,15.0,0,Ghbaleh Kesrouane,1,0,Keserwan_District,4-6
40.0,60.0,10.0,30.0,0,Ghbatiyeh,1,0,South_Governorate,4-6
50.0,50.0,10.0,20.0,0,Ghidras,1,0,Keserwan_District,4-6
50.0,50.0,30.0,20.0,0,Ghineh,1,0,Keserwan_District,4-6
49.0,51.0,10.0,67.0,0,Ghobairi,1,0,Baabda_District,4-6
95.0,60.0,8.0,50.0,0,Ghoifine,1,0,Byblos_District,4-6
60.0,40.0,20.0,30.0,0,Ghosta,0,1,Keserwan_District,7+
65.0,45.0,25.0,50.0,0,Habbouch En-Nabatiyeh,1,0,Nabatieh_Governorate,4-6
40.0,60.0,35.0,25.0,1,Hadath Ej-Jebbeh,0,0,Bsharri_District,1-3
52.0,48.0,20.0,40.0,0,Hadath-Sbeineh,1,0,Baabda_District,4-6
55.0,35.0,32.0,15.0,0,Hadchit,1,0,Bsharri_District,4-6
70.0,65.0,20.0,50.0,0,Hajjeh,0,1,Sidon_District,7+
55.0,45.0,15.0,35.0,0,Hakel,1,0,Byblos_District,4-6
60.0,40.0,30.0,0.0,0,Hakour,1,0,Akkar_Governorate,4-6
50.0,50.0,30.0,30.0,0,Halate,1,0,Byblos_District,4-6
40.0,60.0,10.0,40.0,0,Halba,1,0,Akkar_Governorate,4-6
60.0,40.0,20.0,25.0,0,Halbata,0,1,Baalbek-Hermel_Governorate,7+
40.0,60.0,10.0,30.0,0,Halloussiyeh,1,0,Tyre_District,4-6
51.0,49.0,40.0,20.0,0,Hamat,1,0,Batroun_District,4-6
52.0,48.0,45.0,25.0,1,Hammana,0,0,Baabda_District,1-3
40.0,40.0,10.0,20.0,1,Hanaouay,0,0,Tyre_District,1-3
60.0,40.0,40.0,40.0,1,Haouch El Qinnabeh Rachaya,0,0,Beqaa_Governorate,1-3
55.0,45.0,4.0,40.0,0,Haouch En-Nabi,1,0,Baalbek-Hermel_Governorate,4-6
55.0,45.0,40.0,35.0,0,Haouch Er-Rafqa,1,0,Baalbek-Hermel_Governorate,4-6
50.0,40.0,15.0,30.0,0,Haouch Hala,1,0,Zahle_District,4-6
49.0,51.0,7.0,17.0,0,Haouch Tall Safiyeh,1,0,Baalbek-Hermel_Governorate,4-6
60.0,40.0,10.0,50.0,0,Haql el Aazimeh,1,0,Miniyeha-Danniyeh_District,4-6
50.0,50.0,10.0,40.0,0,Harabta,1,0,Baalbek-Hermel_Governorate,4-6
50.0,50.0,15.0,25.0,0,Haret Es-Sit,1,0,Baabda_District,4-6
60.0,30.0,10.0,20.0,0,Haret Fouar,1,0,Zgharta_District,4-6
51.0,49.0,20.0,15.0,0,Haret Jandal,1,0,Mount_Lebanon_Governorate,4-6
55.0,45.0,30.0,35.0,0,Haret Saida,1,0,Sidon_District,4-6
40.0,60.0,10.0,20.0,0,Harf,1,0,South_Governorate,4-6
45.0,55.0,20.0,25.0,0,Harf Es-Sayad,1,0,Miniyeha-Danniyeh_District,4-6
65.0,35.0,15.0,60.0,0,Harouf,1,0,Nabatieh_Governorate,4-6
55.0,45.0,15.0,35.0,0,Hasbaiya,1,0,Hasbaya_District,4-6
50.0,50.0,25.0,20.0,0,Hasbaiya El-Matn,1,0,Baabda_District,4-6
45.0,55.0,12.0,30.0,0,Hasrayel,1,0,Byblos_District,4-6
50.0,50.0,10.0,25.0,0,Hasroun,1,0,Bsharri_District,4-6
55.0,45.0,5.0,25.0,0,Hayshe,1,0,Akkar_Governorate,4-6
55.0,45.0,4.0,30.0,0,Hayssa,1,0,Akkar_Governorate,4-6
55.0,45.0,20.0,25.0,0,Haytla,1,0,Akkar_Governorate,4-6
55.0,45.0,30.0,20.0,0,Haytoura,1,0,South_Governorate,4-6
50.0,50.0,10.0,15.0,0,Hayzouq,1,0,Akkar_Governorate,4-6
50.0,50.0,15.0,35.0,0,Hazmiyet-Miniyeh,1,0,Miniyeha-Danniyeh_District,4-6
50.0,50.0,0.0,0.0,1,Hdeine,0,0,Byblos_District,1-3
52.0,48.0,17.0,61.0,0,Hebbariyeh,1,0,Hasbaya_District,4-6
70.0,30.0,50.0,5.0,0,Hedd,1,0,Akkar_Governorate,4-6
52.0,48.0,10.0,20.0,0,Helouet Rachaya,1,0,Beqaa_Governorate,4-6
70.0,30.0,10.0,15.0,1,Heri,0,0,Batroun_District,1-3
60.0,40.0,10.0,30.0,0,Hermel,1,0,Hermel_District,4-6
40.0,60.0,10.0,5.0,0,Hidab,1,0,South_Governorate,4-6
40.0,60.0,10.0,25.0,1,Hilan,0,0,Zgharta_District,1-3
65.0,0.0,15.0,20.0,0,Hjoula,1,0,Byblos_District,4-6
45.0,55.0,10.0,18.0,0,Hlaliyeh ,1,0,Baabda_District,4-6
50.0,50.0,40.0,20.0,0,Hlaliyeh Saida,1,0,Sidon_District,4-6
52.0,48.0,20.0,50.0,0,Hmaireh Aakkar,1,0,Akkar_Governorate,4-6
60.0,40.0,5.0,40.0,0,Hmairi Sour,1,0,Tyre_District,4-6
40.0,60.0,20.0,25.0,0,Hocheb,1,0,Akkar_Governorate,4-6
60.0,40.0,15.0,45.0,0,Houaich,1,0,Akkar_Governorate,4-6
52.0,48.0,15.0,30.0,0,Houmine El-Faouqa,1,0,Nabatieh_Governorate,4-6
55.0,45.0,15.0,25.0,0,Houmine Et-Tahta,1,0,Nabatieh_Governorate,4-6
60.0,40.0,20.0,20.0,0,Howara,1,0,Miniyeha-Danniyeh_District,4-6
51.0,49.0,15.0,35.0,0,Hrajel,1,0,Keserwan_District,4-6
55.0,45.0,10.0,25.0,0,Hrar,1,0,Akkar_Governorate,4-6
55.0,45.0,10.0,20.0,0,Hsarat,1,0,Byblos_District,4-6
52.0,48.0,40.0,30.0,0,Hsayn,1,0,Keserwan_District,4-6
60.0,40.0,30.0,40.0,0,Iaat,1,0,Baalbek-Hermel_Governorate,4-6
35.0,25.0,30.0,30.0,0,Idbil,1,0,Akkar_Governorate,4-6
60.0,40.0,10.0,15.0,0,Ighmid,1,0,Aley_District,4-6
50.0,50.0,20.0,20.0,0,Ijbaa,1,0,Zgharta_District,4-6
50.0,50.0,10.0,30.0,0,Ijdaabrine,1,0,North_Governorate,4-6
50.0,50.0,10.0,20.0,0,Ilat,1,0,Akkar_Governorate,4-6
60.0,40.0,10.0,15.0,0,Insariyeh,1,0,Sidon_District,4-6
40.0,60.0,20.0,80.0,0,Izal,1,0,Miniyeha-Danniyeh_District,4-6
55.0,45.0,15.0,30.0,0,Jadra,1,0,Mount_Lebanon_Governorate,4-6
40.0,60.0,0.0,0.0,0,Jahliyeh,1,0,Mount_Lebanon_Governorate,4-6
55.0,45.0,30.0,30.0,0,Jaj,1,0,Byblos_District,4-6
53.0,47.0,0.0,0.0,0,Jall Ed-Dib,1,0,Matn_District,4-6
50.0,50.0,20.0,20.0,0,Jarbata,1,0,Batroun_District,4-6
40.0,60.0,15.0,20.0,0,Jarjouaa,1,0,Nabatieh_Governorate,4-6
50.0,50.0,35.0,30.0,0,Jarmaq,1,0,South_Governorate,4-6
60.0,40.0,8.0,16.0,0,Jbaa En-Nabatiyeh,1,0,Mount_Lebanon_Governorate,4-6
51.0,49.0,15.0,30.0,1,Jbaa En-Nabatiyeh-Ein-Boswar,0,0,Nabatieh_Governorate,1-3
60.0,40.0,30.0,35.0,1,Jbeil,0,0,Byblos_District,1-3
50.0,50.0,16.0,20.0,1,Jdaidet Ghazir,0,0,Keserwan_District,1-3
55.0,45.0,15.0,25.0,0,Jdaidet Marjaayoun,1,0,Marjeyoun_District,4-6
52.0,48.0,30.0,52.0,0,Jdeidet Ech-Chouf,1,0,Mount_Lebanon_Governorate,4-6
60.0,40.0,20.0,30.0,0,Jdidet Ej-Joumeh,1,0,Akkar_Governorate,4-6
60.0,40.0,10.0,20.0,1,Jdita,0,0,Zahle_District,1-3
55.0,45.0,30.0,30.0,0,Jebrayel,1,0,Akkar_Governorate,4-6
60.0,40.0,40.0,30.0,1,Jenjlaya,0,0,Sidon_District,1-3
45.0,40.0,4.0,17.0,0,Jensnaya,1,0,South_Governorate,4-6
40.0,35.0,5.0,15.0,0,Jenta,1,0,Baalbek-Hermel_Governorate,4-6
55.0,45.0,3.0,15.0,0,Jeoddayel Jbeil,1,0,Byblos_District,4-6
54.0,46.0,15.0,10.0,0,Jermanya,1,0,Akkar_Governorate,4-6
50.0,50.0,70.0,10.0,0,Jernaya,1,0,South_Governorate,4-6
50.0,50.0,40.0,30.0,0,Jezzine-Ain Majdelin,1,0,South_Governorate,4-6
52.0,48.0,5.0,30.0,0,Jibchit,1,0,Nabatieh_Governorate,4-6
50.0,50.0,10.0,10.0,1,Jiyeh,0,0,Mount_Lebanon_Governorate,1-3
60.0,40.0,60.0,15.0,0,Jmailiyeh,1,0,Mount_Lebanon_Governorate,4-6
54.0,46.0,25.0,20.0,0,Jouaiya,1,0,Tyre_District,4-6
55.0,45.0,15.0,35.0,0,Jouar El-Haouz,1,0,Baabda_District,4-6
60.0,40.0,15.0,10.0,0,Joubb Jannine,1,0,Western_Beqaa_District,4-6
60.0,40.0,10.0,30.0,0,Jouret Arsoun,1,0,Baabda_District,4-6
40.0,60.0,30.0,10.0,1,Jouret El-Ballout,0,0,Matn_District,1-3
50.0,50.0,15.0,18.0,0,Kafr,1,0,Byblos_District,4-6
48.0,42.0,20.0,16.0,1,Kafr Harra,0,0,Akkar_Governorate,1-3
50.0,50.0,25.0,35.0,0,Kafr Jarrah,1,0,South_Governorate,4-6
60.0,40.0,35.0,30.0,0,Kafr Saroun,1,0,North_Governorate,4-6
60.0,40.0,20.0,60.0,0,Kafr horra,1,0,Zgharta_District,4-6
60.0,40.0,30.0,60.0,0,Kafra Bent Jbeil,1,0,Bint_Jbeil_District,4-6
40.0,60.0,40.0,60.0,0,Kafraiya West Bekaa,1,0,Western_Beqaa_District,4-6
50.0,50.0,15.0,40.0,0,Kafraya El-Koura,1,0,North_Governorate,4-6
46.0,43.0,25.0,35.0,0,Kafrnoun,1,0,Akkar_Governorate,4-6
55.0,45.0,40.0,15.0,0,Kafrya,1,0,Sidon_District,4-6
70.0,30.0,19.0,15.0,1,Kaftoun,0,0,North_Governorate,1-3
45.0,55.0,20.0,25.0,0,Kahef Maloul,1,0,Miniyeha-Danniyeh_District,4-6
55.0,45.0,15.0,10.0,0,Kahlouniet Ech-Chouf,1,0,Mount_Lebanon_Governorate,4-6
40.0,60.0,10.0,60.0,0,Kamed El-Laouz,1,0,Western_Beqaa_District,4-6
50.0,50.0,20.0,15.0,0,Kaoukaba Bou Arab,1,0,Beqaa_Governorate,4-6
55.0,45.0,20.0,20.0,0,Kaoukaba Hasbaiya,1,0,Hasbaya_District,4-6
60.0,40.0,20.0,40.0,0,Kaoutariyet Es-Siyad,1,0,Sidon_District,4-6
44.0,55.0,40.0,20.0,0,Karm El-Mohr,1,0,Miniyeha-Danniyeh_District,4-6
40.0,60.0,10.0,20.0,0,Karm Saddeh,1,0,Zgharta_District,4-6
40.0,60.0,1.0,40.0,0,Karm Zebdine,1,0,Akkar_Governorate,4-6
55.0,45.0,40.0,30.0,0,Ketermaya,1,0,Mount_Lebanon_Governorate,4-6
40.0,60.0,7.0,30.0,0,Keyfoun,1,0,Aley_District,4-6
52.0,48.0,25.0,30.0,0,Kfar Aabida,1,0,Batroun_District,4-6
50.0,50.0,20.0,10.0,0,Kfar Aamay,1,0,Aley_District,4-6
51.0,49.0,30.0,0.0,0,Kfar Aaqab,1,0,Matn_District,4-6
55.0,45.0,20.0,30.0,0,Kfar Aaqqa,1,0,North_Governorate,4-6
40.0,60.0,10.0,20.0,0,Kfar Baal,1,0,Byblos_District,4-6
40.0,60.0,1.0,60.0,0,Kfar Beit,1,0,Sidon_District,4-6
52.0,48.0,13.0,60.0,0,Kfar Bibnine,1,0,Miniyeha-Danniyeh_District,4-6
50.0,50.0,20.0,30.0,0,Kfar Chellal,1,0,Sidon_District,4-6
20.0,15.0,17.0,20.0,0,Kfar Dane,1,0,Baalbek-Hermel_Governorate,4-6
55.0,45.0,10.0,40.0,0,Kfar Denis,1,0,Beqaa_Governorate,4-6
40.0,60.0,30.0,30.0,0,Kfar Dibiane,1,0,Keserwan_District,4-6
55.0,45.0,10.0,20.0,0,Kfar Dounine,1,0,Bint_Jbeil_District,4-6
65.0,35.0,35.0,20.0,0,Kfar Falous,1,0,South_Governorate,4-6
30.0,40.0,10.0,10.0,0,Kfar Faqoud,1,0,Mount_Lebanon_Governorate,4-6
50.0,50.0,30.0,30.0,0,Kfar Habou,0,1,Miniyeha-Danniyeh_District,7+
55.0,45.0,10.0,15.0,0,Kfar Hamam,1,0,Hasbaya_District,4-6
37.5,62.5,20.0,70.0,0,Kfar Hatta Saida,1,0,Sidon_District,4-6
55.0,45.0,20.0,35.0,1,Kfar Hay,0,0,Batroun_District,1-3
45.0,55.0,30.0,40.0,0,Kfar Hazir,1,0,North_Governorate,4-6
60.0,40.0,25.0,40.0,0,Kfar Hilda,1,0,Batroun_District,4-6
40.0,40.0,20.0,10.0,0,Kfar Houneh,1,0,South_Governorate,4-6
52.0,48.0,10.0,20.0,1,Kfar Jreif,0,0,Keserwan_District,1-3
60.0,40.0,30.0,30.0,0,Kfar Kila,1,0,Marjeyoun_District,4-6
55.0,45.0,20.0,20.0,0,Kfar Matta,1,0,Aley_District,4-6
65.0,35.0,15.0,20.0,0,Kfar Melki Saida,1,0,Sidon_District,4-6
55.0,45.0,30.0,30.0,0,Kfar Nabrakh,1,0,Mount_Lebanon_Governorate,4-6
40.0,60.0,20.0,10.0,0,Kfar Qouq,1,0,Beqaa_Governorate,4-6
51.0,49.0,8.0,30.0,0,Kfar Roummane,1,0,Nabatieh_Governorate,4-6
52.0,48.0,5.0,20.0,0,Kfar Selouane,1,0,Baabda_District,4-6
55.0,45.0,14.0,25.0,0,Kfar Sir,1,0,Nabatieh_Governorate,4-6
50.0,50.0,30.0,20.0,0,Kfar Tay El-Matn,1,0,Matn_District,4-6
55.0,45.0,15.0,30.0,0,Kfar Tibnit,1,0,Nabatieh_Governorate,4-6
65.0,45.0,35.0,45.0,0,Kfar michki,1,0,Beqaa_Governorate,4-6
55.0,45.0,10.0,35.0,0,Kfarfila,1,0,Nabatieh_Governorate,4-6
50.0,50.0,10.0,60.0,0,Kfarfou,1,0,Zgharta_District,4-6
47.0,53.0,16.0,7.0,0,Kfarsghab,1,0,Zgharta_District,4-6
55.0,45.0,5.0,25.0,0,Kfartoun,1,0,Akkar_Governorate,4-6
60.0,40.0,25.0,20.0,0,Kfaryachit,1,0,Zgharta_District,4-6
45.0,55.0,20.0,20.0,0,Kfarzabad,1,0,Zahle_District,4-6
60.0,40.0,10.0,25.0,0,Kfoun,1,0,Byblos_District,4-6
35.0,65.0,15.0,15.0,0,Kfour El-Aarbi,1,0,Batroun_District,4-6
40.0,40.0,15.0,40.0,0,Kfour En-Nabatieh,1,0,Keserwan_District,4-6
55.0,45.0,22.0,20.0,0,Khalwat,1,0,Hasbaya_District,4-6
55.0,45.0,25.0,35.0,0,Kharbe,1,0,Byblos_District,4-6
65.0,35.0,25.0,15.0,0,Kharnoub,1,0,Miniyeha-Danniyeh_District,4-6
60.0,40.0,7.0,35.0,0,Khartoum,1,0,Sidon_District,4-6
50.0,50.0,2.0,30.0,0,Khat el Petrol,1,0,Akkar_Governorate,4-6
50.0,50.0,30.0,25.0,0,Khinchara,1,0,Matn_District,4-6
55.0,45.0,6.0,30.0,0,Khirbet Bisri,1,0,Mount_Lebanon_Governorate,4-6
55.0,45.0,10.0,20.0,0,Khirbet Char,1,0,Akkar_Governorate,4-6
60.0,40.0,5.0,24.0,0,Khirbet Daoud Aakkar,1,0,Akkar_Governorate,4-6
55.0,45.0,15.0,60.0,0,Khirbet Jord,1,0,Akkar_Governorate,4-6
65.0,35.0,60.0,20.0,0,Khirbet Qanafar,1,0,Western_Beqaa_District,4-6
55.0,45.0,10.0,60.0,0,Khirbet Rouha,1,0,Beqaa_Governorate,4-6
60.0,40.0,10.0,25.0,0,Khodr Baalbek,1,0,Baalbek-Hermel_Governorate,4-6
60.0,40.0,30.0,45.0,0,Khreibet Baabda,1,0,Baabda_District,4-6
65.0,35.0,10.0,30.0,0,Khreibet Ej-Jindi,1,0,Akkar_Governorate,4-6
60.0,40.0,10.0,31.0,0,Kleyleh,1,0,Mount_Lebanon_Governorate,4-6
60.0,40.0,20.0,30.0,0,Kneisset Aakkar,1,0,Akkar_Governorate,4-6
55.0,45.0,50.0,30.0,0,Kneisset Ech-Chouf,1,0,Mount_Lebanon_Governorate,4-6
55.0,45.0,2.0,30.0,0,Kouachra,1,0,Akkar_Governorate,4-6
53.0,47.0,18.0,35.0,1,Kouakh,0,0,Hermel_District,1-3
55.0,45.0,10.0,30.0,0,Koueikhat,1,0,Akkar_Governorate,4-6
49.0,51.0,15.0,25.0,0,Kounine,1,0,Bint_Jbeil_District,4-6
60.0,40.0,20.0,60.0,1,Kour,0,0,Batroun_District,1-3
55.0,45.0,20.0,25.0,0,Kousba,1,0,North_Governorate,4-6
55.0,45.0,5.0,30.0,0,Kroum El-Aarab,0,1,Akkar_Governorate,7+
43.0,57.0,22.0,33.0,0,Lala,1,0,Western_Beqaa_District,4-6
35.0,65.0,2.0,3.0,1,Lassa,0,0,Byblos_District,1-3
51.0,49.0,20.0,20.0,0,Lebaa,1,0,South_Governorate,4-6
51.0,49.0,20.0,30.0,0,Lehfed,1,0,Byblos_District,4-6
55.0,45.0,30.0,30.0,0,Louayzet Jezzine,1,0,South_Governorate,4-6
49.0,51.0,18.0,20.0,0,Loubieh,1,0,Sidon_District,4-6
45.0,55.0,20.0,25.0,0,Maad,1,0,Byblos_District,4-6
45.0,45.0,20.0,10.0,0,Maarab,1,0,Keserwan_District,4-6
55.0,45.0,8.0,15.0,0,Maaraboun,0,1,Baalbek-Hermel_Governorate,7+
49.0,51.0,20.0,35.0,0,Maarakeh,1,0,Tyre_District,4-6
50.0,50.0,20.0,20.0,0,Maasrati,1,0,Aley_District,4-6
50.0,50.0,30.0,25.0,0,Maasser Beit Ed-Dine,1,0,Mount_Lebanon_Governorate,4-6
45.0,55.0,10.0,40.0,0,Maasser Ech-Chouf,1,0,Mount_Lebanon_Governorate,4-6
50.0,50.0,20.0,30.0,0,Maaysra Kesrouane,1,0,Keserwan_District,4-6
55.0,45.0,9.2,19.9,0,Machghara,1,0,Western_Beqaa_District,4-6
45.0,55.0,5.0,10.0,0,Machha,1,0,Akkar_Governorate,4-6
48.0,52.0,30.0,25.0,0,Machmoucheh,1,0,South_Governorate,4-6
60.0,40.0,15.0,55.0,0,Machta Hammoud,1,0,Akkar_Governorate,4-6
53.0,47.0,10.0,35.0,0,Machta Hassan,1,0,Akkar_Governorate,4-6
54.0,46.0,40.0,60.0,0,Maghdoucheh,1,0,Sidon_District,4-6
40.0,60.0,10.0,20.0,1,Magher wbala,0,0,Bsharri_District,1-3
60.0,40.0,5.0,20.0,0,Mahrouna,1,0,Tyre_District,4-6
55.0,45.0,15.0,20.0,0,Majdala,1,0,Akkar_Governorate,4-6
50.0,50.0,15.0,30.0,0,Majdaloun,1,0,Baalbek-Hermel_Governorate,4-6
30.0,20.0,50.0,10.0,0,Majdalouna,1,0,Mount_Lebanon_Governorate,4-6
48.0,52.0,5.0,20.0,0,Majdel,1,0,Tyre_District,4-6
52.0,48.0,15.0,40.0,0,Majdel Baana,1,0,Aley_District,4-6
60.0,40.0,10.0,15.0,0,Majdel Balhis,1,0,Beqaa_Governorate,4-6
35.0,45.0,15.0,40.0,0,Majdel El-Aqoura,1,0,Byblos_District,4-6
60.0,40.0,20.0,30.0,0,Majdel El-Meouch,1,0,Mount_Lebanon_Governorate,4-6
52.0,48.0,12.0,15.0,0,Majdel Selm,1,0,Marjeyoun_District,4-6
50.0,50.0,20.0,60.0,0,Majdel el-Koura,1,0,North_Governorate,4-6
40.0,60.0,10.0,45.0,0,Majdelyoun,1,0,Sidon_District,4-6
45.0,55.0,10.0,40.0,0,Majdelzoun,1,0,Tyre_District,4-6
50.0,50.0,10.0,30.0,0,Makseh,1,0,Zahle_District,4-6
46.0,54.0,6.0,30.0,0,Malkiyah Village,1,0,Tyre_District,4-6
55.0,45.0,2.0,12.0,0,Mansoura,1,0,Western_Beqaa_District,4-6
65.0,35.0,10.0,10.0,0,Mansoura ,0,1,Akkar_Governorate,7+
50.0,50.0,30.0,30.0,0,Mansouriyet Bhamdoun,1,0,Aley_District,4-6
60.0,40.0,10.0,50.0,0,Maqneh,1,0,Baalbek-Hermel_Governorate,4-6
50.0,50.0,35.0,20.0,0,Mar Boutros Karm Et-Tine,1,0,Matn_District,4-6
60.0,40.0,5.0,30.0,1,Mar Chaaya,0,0,Matn_District,1-3
40.0,60.0,12.0,5.0,0,Mar Mama,1,0,Batroun_District,4-6
55.0,45.0,12.0,20.0,0,Marj Ez-Zouhour (Haouch El-Qinnaabeh),1,0,Hasbaya_District,4-6
55.0,45.0,15.0,25.0,0,Markaba,1,0,Marjeyoun_District,4-6
50.0,50.0,30.0,70.0,0,Massa,1,0,Zahle_District,4-6
60.0,40.0,20.0,25.0,0,Massaaoudiyeh,1,0,Akkar_Governorate,4-6
55.0,45.0,15.0,15.0,0,Mayasseh,1,0,Matn_District,4-6
50.0,50.0,15.0,50.0,0,Maydoun,1,0,Western_Beqaa_District,4-6
55.0,45.0,6.0,15.0,0,Mayfadoun,1,0,Nabatieh_Governorate,4-6
60.0,40.0,40.0,30.0,0,Mayrouba,1,0,Keserwan_District,4-6
55.0,45.0,10.0,20.0,0,Mazareaa Jabal Akroum,1,0,Akkar_Governorate,4-6
60.0,40.0,40.0,15.0,0,Mazraat Assaf,1,0,Bsharri_District,4-6
60.0,40.0,5.0,15.0,0,Mazraat Balda,1,0,Akkar_Governorate,4-6
51.0,49.0,20.0,10.0,0,Mazraat Bani Saab,1,0,Bsharri_District,4-6
40.0,60.0,20.0,30.0,0,Mazraat Bani Sakher,0,1,Akkar_Governorate,7+
51.0,49.0,12.0,12.0,0,Mazraat Beit Ghattas,1,0,Akkar_Governorate,4-6
51.0,49.0,10.0,30.0,0,Mazraat Ech-Chouf,1,0,Mount_Lebanon_Governorate,4-6
50.0,50.0,30.0,30.0,0,Mazraat El-Hdaira,1,0,Matn_District,4-6
60.0,40.0,30.0,5.0,0,Mazraat El-Mathane,1,0,South_Governorate,4-6
52.0,48.0,25.0,15.0,0,Mazraat Es-Dahr,1,0,Mount_Lebanon_Governorate,4-6
51.0,49.0,25.0,30.0,0,Mazraat Et-Teffah,1,0,Zgharta_District,4-6
60.0,40.0,30.0,10.0,0,Mazraat Ez-Zalloutiyeh,1,0,Tyre_District,4-6
40.0,60.0,35.0,40.0,0,Mazraat Harkish,1,0,Zgharta_District,4-6
50.0,50.0,15.0,30.0,0,Mazraat Hokka,1,0,Zgharta_District,4-6
55.0,45.0,15.0,45.0,1,Mazraat Mechref,0,0,Tyre_District,1-3
60.0,40.0,15.0,40.0,0,Mazraat Swaidan,1,0,Baalbek-Hermel_Governorate,4-6
54.0,46.0,11.0,48.0,0,Mazraat Yachouaa,1,0,Matn_District,4-6
60.0,40.0,20.0,30.0,0,Mazraat beit Mchaik,1,0,Baalbek-Hermel_Governorate,4-6
45.0,55.0,30.0,60.0,0,Mcherfeh,1,0,Aley_District,4-6
55.0,45.0,20.0,25.0,0,Mdoukha,1,0,Beqaa_Governorate,4-6
50.0,50.0,15.0,30.0,0,Mechref,1,0,Mount_Lebanon_Governorate,4-6
53.0,47.0,10.0,40.0,0,Mehmarch,1,0,Batroun_District,4-6
65.0,35.0,30.0,30.0,0,Meimes,1,0,Hasbaya_District,4-6
55.0,45.0,15.0,35.0,0,Meiss Ej-Jabal,1,0,Marjeyoun_District,4-6
50.0,50.0,15.0,10.0,0,Mejdlaiya,1,0,Aley_District,4-6
60.0,40.0,30.0,30.0,0,Mejdlaiya Zgharta,1,0,Zgharta_District,4-6
2700.0,2300.0,0.0,0.0,1,Menneaa,0,0,Akkar_Governorate,1-3
45.0,55.0,15.0,25.0,0,Merkebta,1,0,Miniyeha-Danniyeh_District,4-6
40.0,60.0,20.0,30.0,0,Merouahine,1,0,Tyre_District,4-6
49.0,51.0,12.0,50.0,0,Merouaniyeh,1,0,Sidon_District,4-6
53.0,47.0,12.0,30.0,0,Mghairiyeh Ech-Chouf,1,0,Mount_Lebanon_Governorate,4-6
51.0,49.0,11.0,30.0,1,Mhaiydseh Rachaya,0,0,Beqaa_Governorate,1-3
60.0,40.0,15.0,45.0,0,Mhammaret,1,0,Akkar_Governorate,4-6
40.0,60.0,40.0,25.0,0,Mharbiyeh,1,0,South_Governorate,4-6
52.0,48.0,13.0,25.0,0,Michmich Jbeil,1,0,Byblos_District,4-6
40.0,60.0,2.0,0.0,0,Midane Jezzine,1,0,South_Governorate,4-6
60.0,40.0,15.0,20.0,0,Mina ,1,0,"Tripoli_District,_Lebanon",4-6
52.0,48.0,10.0,60.0,0,Minie,1,0,Miniyeha-Danniyeh_District,4-6
60.0,40.0,40.0,30.0,0,Minyara,1,0,Akkar_Governorate,4-6
53.0,47.0,5.0,65.0,0,Miriata,1,0,Zgharta_District,4-6
60.0,40.0,20.0,40.0,0,Miyeh ou Miyeh,1,0,Sidon_District,4-6
60.0,40.0,20.0,20.0,1,Miziara,0,0,Zgharta_District,1-3
50.0,50.0,10.0,50.0,0,Mjaydel Jezzine,1,0,South_Governorate,4-6
55.0,45.0,20.0,20.0,0,Mlikh,1,0,South_Governorate,4-6
59.0,41.0,20.0,45.0,0,Moqaylbeh,0,1,Akkar_Governorate,7+
40.0,60.0,20.0,35.0,0,Moqraq,1,0,Baalbek-Hermel_Governorate,4-6
50.0,50.0,40.0,20.0,0,Moshrea,1,0,Matn_District,4-6
50.0,50.0,15.0,25.0,0,Motel,1,0,Miniyeha-Danniyeh_District,4-6
55.0,45.0,15.0,30.0,0,Mouanse,1,0,Akkar_Governorate,4-6
55.0,45.0,30.0,30.0,0,Moukhtara,1,0,Mount_Lebanon_Governorate,4-6
55.0,45.0,20.0,45.0,0,Mounjez,1,0,Akkar_Governorate,4-6
54.0,46.0,10.0,39.0,0,Mqaiteaa,0,1,Akkar_Governorate,7+
40.0,60.0,35.0,20.0,0,Mrah El-Hbasse,1,0,South_Governorate,4-6
40.0,60.0,20.0,30.0,0,Mrah Es-Sfire,1,0,Miniyeha-Danniyeh_District,4-6
20.0,50.0,20.0,50.0,0,Mrah Es-Srayj,1,0,Miniyeha-Danniyeh_District,4-6
55.0,45.0,10.0,13.0,0,Mrah Ez Ziyat,1,0,Batroun_District,4-6
65.0,35.0,6.0,7.0,0,Mrah Kwakh,1,0,Akkar_Governorate,4-6
50.0,50.0,15.0,35.0,0,Mraijat,1,0,Aley_District,4-6
65.0,35.0,5.0,5.0,0,Mrayjat Zahleh,1,0,Zahle_District,4-6
52.0,48.0,15.0,30.0,0,Mristi,1,0,Mount_Lebanon_Governorate,4-6
30.0,70.0,20.0,50.0,0,Mrouj,1,0,Matn_District,4-6
50.0,50.0,20.0,40.0,0,Mtayleb,1,0,Matn_District,4-6
49.0,51.0,52.0,46.0,0,Mtolleh,1,0,Mount_Lebanon_Governorate,4-6
50.0,50.0,20.0,20.0,0,Mzraat Kefraya,1,0,Zgharta_District,4-6
11.3,88.7,9.7,37.0,0,Nabatiyeh,0,1,Nabatieh_Governorate,7+
40.0,60.0,20.0,20.0,0,Nabatiyeh El-Faouka,1,0,Nabatieh_Governorate,4-6
40.0,60.0,15.0,60.0,0,Nabha Ed-Damdoum,1,0,Baalbek-Hermel_Governorate,4-6
60.0,40.0,40.0,50.0,0,Nabha Mehfara,1,0,Baalbek-Hermel_Governorate,4-6
50.0,50.0,50.0,40.0,0,Nabha Qoudam,1,0,Baalbek-Hermel_Governorate,4-6
55.0,45.0,15.0,60.0,1,Nabi Ayla,0,0,Zahle_District,1-3
51.0,49.0,12.0,20.0,0,Nabi Chit,1,0,Baalbek-Hermel_Governorate,4-6
40.0,60.0,20.0,50.0,1,Nabi Osmane,0,0,Baalbek-Hermel_Governorate,1-3
40.0,60.0,20.0,30.0,0,Nahleh Baalbek,1,0,Baalbek-Hermel_Governorate,4-6
60.0,40.0,30.0,30.0,0,Nahmeh,1,0,Mount_Lebanon_Governorate,4-6
55.0,45.0,15.0,30.0,0,Nahr Ibrahim,1,0,Byblos_District,4-6
50.0,50.0,10.0,30.0,0,Najjariyeh,1,0,Sidon_District,4-6
75.0,25.0,15.0,65.0,1,Nakhleh,0,0,North_Governorate,1-3
60.0,40.0,15.0,40.0,0,Naoura El-Faouqa,1,0,Akkar_Governorate,4-6
60.0,40.0,10.0,60.0,0,Nasriyet Zahleh,1,0,Zahle_District,4-6
60.0,40.0,10.0,15.0,0,Nfisseh,1,0,Akkar_Governorate,4-6
60.0,40.0,10.0,15.0,0,Niha El-Chouf,1,0,Mount_Lebanon_Governorate,4-6
60.0,40.0,30.0,35.0,0,Niha Zahleh,1,0,Zahle_District,4-6
45.0,55.0,30.0,20.0,1,Nimrine,0,0,Miniyeha-Danniyeh_District,1-3
20.0,80.0,15.0,20.0,1,Nmairiyeh,0,0,Nabatieh_Governorate,1-3
40.0,60.0,15.0,30.0,0,Ouada,1,0,Akkar_Governorate,4-6
30.0,70.0,15.0,35.0,0,Ouadi Baanqoudaine,1,0,South_Governorate,4-6
60.0,40.0,20.0,2.0,0,Ouadi Banhlay,1,0,Mount_Lebanon_Governorate,4-6
31.0,69.0,12.0,2.0,0,Ouadi Chahine,1,0,Matn_District,4-6
60.0,40.0,30.0,15.0,0,Ouadi Chahrour El Aaoulia,1,0,Baabda_District,4-6
52.0,48.0,20.0,20.0,0,Ouadi Chahrour Es-Soufla,1,0,Baabda_District,4-6
40.0,60.0,0.0,12.0,0,Ouadi Ed-Deir,1,0,Mount_Lebanon_Governorate,4-6
60.0,40.0,7.0,30.0,0,Ouadi El-Haour,1,0,Akkar_Governorate,4-6
55.0,45.0,10.0,30.0,0,Ouadi El-Karm El-Matn,1,0,Matn_District,4-6
35.0,65.0,11.0,6.0,0,Ouadi El-Laymoun,1,0,South_Governorate,4-6
50.0,50.0,20.0,30.0,0,Ouadi Es-Sitt,1,0,Mount_Lebanon_Governorate,4-6
50.0,50.0,15.0,60.0,0,Ouadi Faara,1,0,Hermel_District,4-6
55.0,45.0,5.0,25.0,0,Ouadi Khaled,1,0,Akkar_Governorate,4-6
60.0,40.0,30.0,60.0,0,Ouadi Nakhleh,0,1,"Tripoli_District,_Lebanon",7+
52.0,48.0,30.0,60.0,0,Ouadi Qannoubine,1,0,Bsharri_District,4-6
53.0,47.0,20.0,50.0,0,Ouardaniyeh,1,0,Mount_Lebanon_Governorate,4-6
53.0,47.0,10.0,15.0,0,Ouarhaniyeh,1,0,Mount_Lebanon_Governorate,4-6
45.0,55.0,15.0,55.0,0,Qaa Baalbek,0,1,Baalbek-Hermel_Governorate,7+
47.0,53.0,10.0,15.0,1,Qaa Er-Rim,0,0,Zahle_District,1-3
60.0,40.0,15.0,45.0,0,Qaaqaaiyet Ej-Jisr,1,0,Nabatieh_Governorate,4-6
50.0,50.0,20.0,15.0,0,Qaaqaiyet Es-Snaoubar,1,0,Sidon_District,4-6
52.0,48.0,15.0,15.0,0,Qaaqour,1,0,Matn_District,4-6
55.0,45.0,15.0,35.0,0,Qabb Elias,1,0,Zahle_District,4-6
60.0,40.0,2.0,85.0,0,Qachlaq,1,0,Akkar_Governorate,4-6
45.0,55.0,25.0,20.0,1,Qahmez,0,0,Byblos_District,1-3
40.0,60.0,10.0,20.0,0,Qalaa,1,0,Baabda_District,4-6
52.0,48.0,15.0,35.0,0,Qalamoun,1,0,"Tripoli_District,_Lebanon",4-6
70.0,30.0,20.0,25.0,1,Qalaouiyeh,0,0,Bint_Jbeil_District,1-3
55.0,45.0,45.0,25.0,0,Qalhat,1,0,North_Governorate,4-6
60.0,40.0,15.0,25.0,0,Qannebet Salima,1,0,Matn_District,4-6
60.0,40.0,50.0,50.0,0,Qantara,1,0,Marjeyoun_District,4-6
49.72,50.28,5.23,10.0,0,Qanya,1,0,Akkar_Governorate,4-6
45.0,55.0,50.0,10.0,0,Qaouzah,1,0,Bint_Jbeil_District,4-6
49.0,51.0,30.0,30.0,0,Qaraaoun,1,0,Western_Beqaa_District,4-6
45.0,55.0,70.0,5.0,1,Qarah Bach,0,0,Zgharta_District,1-3
45.0,55.0,15.0,40.0,0,Qarha,1,0,Akkar_Governorate,4-6
55.0,45.0,20.0,40.0,0,Qarhaiya,0,1,Miniyeha-Danniyeh_District,7+
55.0,45.0,6.0,32.0,0,Qarsaita,0,1,Miniyeha-Danniyeh_District,7+
50.0,50.0,30.0,35.0,1,Qartaba,0,0,Byblos_District,1-3
70.0,30.0,10.0,20.0,0,Qaser,1,0,Hermel_District,4-6
50.0,50.0,15.0,15.0,0,Qatrani,1,0,South_Governorate,4-6
45.0,55.0,25.0,45.0,0,Qattineh-Miniyeh,1,0,Miniyeha-Danniyeh_District,4-6
60.0,40.0,35.0,30.0,1,Qaynour,0,0,Bsharri_District,1-3
60.0,40.0,12.0,26.0,1,Qaytouleh,0,0,South_Governorate,1-3
50.24,49.76,9.5,20.0,1,Qbaiyat Aakkar,0,0,Akkar_Governorate,1-3
50.0,50.0,10.0,35.0,0,Qelaya,1,0,Western_Beqaa_District,4-6
62.0,38.0,22.0,28.0,1,Qennabet Broummana,0,0,Matn_District,1-3
55.0,45.0,10.0,20.0,0,Qennarit,1,0,Sidon_District,4-6
50.0,50.0,10.0,90.0,0,Qild Es Sabea,1,0,Baalbek-Hermel_Governorate,4-6
49.0,51.0,15.0,20.0,0,Qlaiaa,1,0,Marjeyoun_District,4-6
60.0,40.0,30.0,30.0,0,Qlaileh Sour,1,0,Tyre_District,4-6
60.0,40.0,20.0,30.0,0,Qleiaat Kesrouane,1,0,Keserwan_District,4-6
40.0,60.0,80.0,30.0,0,Qloud El-Baqieh,1,0,Akkar_Governorate,4-6
40.0,60.0,40.0,60.0,0,Qmatiyeh,1,0,Aley_District,4-6
55.0,45.0,30.0,10.0,1,Qnat,0,0,Bsharri_District,1-3
52.3,47.7,30.0,30.0,0,Qobbayaa,1,0,Baabda_District,4-6
50.0,50.0,15.0,8.0,0,Qornayel,1,0,Baabda_District,4-6
62.0,38.0,15.0,40.0,0,Qornet Aakkar,0,1,Akkar_Governorate,7+
51.0,49.0,35.0,45.0,0,Qornet El-Hamra,1,0,Matn_District,4-6
60.0,40.0,20.0,30.0,1,Qortada,0,0,Baabda_District,1-3
60.0,40.0,5.0,10.0,0,Qoubber Chamra,0,1,Akkar_Governorate,7+
40.0,60.0,15.0,70.0,0,Qounaitra,1,0,Sidon_District,4-6
60.0,40.0,30.0,40.0,0,Qoussaya,1,0,Zahle_District,4-6
35.0,38.0,13.0,10.0,0,Qraine,1,0,Miniyeha-Danniyeh_District,4-6
50.0,50.0,10.0,30.0,0,Qraiyat,1,0,Akkar_Governorate,4-6
52.0,48.0,10.0,40.0,0,Qraiyeh,1,0,Baabda_District,4-6
55.0,45.0,10.0,15.0,0,Qraiyet Jlayse,1,0,Byblos_District,4-6
74.0,26.0,0.0,0.0,0,Qraiyet Saida,1,0,Sidon_District,4-6
65.0,35.0,20.0,0.0,1,Qsaibet En-Nabatiyeh,0,0,Nabatieh_Governorate,1-3
55.0,45.0,5.0,30.0,0,Qsarnaba,1,0,Baalbek-Hermel_Governorate,4-6
55.0,45.0,20.0,30.0,0,Raachine,1,0,Keserwan_District,4-6
50.0,50.0,25.0,50.0,0,Raait,1,0,Zahle_District,4-6
55.0,45.0,30.0,50.0,0,Rabb Et-Tlatine,1,0,Marjeyoun_District,4-6
35.0,40.0,15.0,20.0,0,Rabieh,1,0,Matn_District,4-6
40.0,60.0,30.0,40.0,0,Rachaaine,1,0,Zgharta_District,4-6
55.0,45.0,10.0,50.0,0,Rachaf,1,0,Bint_Jbeil_District,4-6
51.0,49.0,30.0,35.0,0,Rachaiya El-Foukhar,1,0,Hasbaya_District,4-6
40.0,60.0,25.0,35.0,0,Rachaya El Wadi,1,0,Beqaa_Governorate,4-6
70.0,35.0,40.0,25.0,0,Rafid Rachaya,1,0,Beqaa_Governorate,4-6
60.0,40.0,12.0,20.0,1,Rahbeh,0,0,Akkar_Governorate,1-3
50.0,50.0,10.0,30.0,0,Ram,1,0,Baalbek-Hermel_Governorate,4-6
60.0,40.0,15.0,50.0,0,Ramyet Bent Jbeil,1,0,Bint_Jbeil_District,4-6
50.0,50.0,18.0,30.0,0,Ras Baalbek Ech-Charqi,1,0,Baalbek-Hermel_Governorate,4-6
40.0,60.0,5.0,10.0,0,Ras El Matn,1,0,Baabda_District,4-6
49.0,51.0,20.0,15.0,0,Ras El-Href,1,0,Baabda_District,4-6
50.0,50.0,40.0,18.0,0,Ras Kifa,1,0,Zgharta_District,4-6
60.0,40.0,15.0,15.0,0,Ras Masqa,1,0,North_Governorate,4-6
50.0,50.0,8.0,3.0,0,Rasha,1,0,Batroun_District,4-6
52.0,48.0,50.0,50.0,1,Rashana,0,0,Batroun_District,1-3
60.0,40.0,20.0,50.0,0,Rawda Bekaa,1,0,Western_Beqaa_District,4-6
60.0,40.0,10.0,15.0,0,Rawda Village,1,0,Miniyeha-Danniyeh_District,4-6
50.0,50.0,35.0,35.0,0,Rayfoun,1,0,Keserwan_District,4-6
50.0,45.0,25.0,40.0,0,Rechdibbine,1,0,North_Governorate,4-6
40.0,60.0,70.0,3.0,0,Richmaiya,1,0,Aley_District,4-6
40.0,60.0,10.0,50.0,0,Rihan Jezzine,1,0,South_Governorate,4-6
55.0,45.0,7.0,5.0,0,Rihana,1,0,Byblos_District,4-6
40.0,60.0,5.0,35.0,0,Rihaniyet Aakkar,0,1,Akkar_Governorate,7+
50.0,50.0,8.0,10.0,0,Rihaniyet Minie,1,0,Miniyeha-Danniyeh_District,4-6
60.0,40.0,60.0,40.0,0,Rijmeh,1,0,Aley_District,4-6
60.0,40.0,70.0,40.0,0,Rimat,1,0,South_Governorate,4-6
60.0,40.0,40.0,30.0,0,Rimhala,1,0,Aley_District,4-6
49.0,51.0,19.0,10.0,0,Rmadiyeh,1,0,Tyre_District,4-6
50.0,50.0,15.0,15.0,0,Rmeilet Ech-Chouf,1,0,Mount_Lebanon_Governorate,4-6
55.0,45.0,8.0,25.0,0,Rouayssrt El-Ballout,1,0,Baabda_District,4-6
55.0,45.0,25.0,25.0,0,Roum,1,0,South_Governorate,4-6
55.0,45.0,15.0,20.0,0,Roumieh,1,0,Matn_District,4-6
60.0,40.0,10.0,50.0,0,Roumine,1,0,Nabatieh_Governorate,4-6
60.0,40.0,10.0,30.0,0,Saadine,1,0,Akkar_Governorate,4-6
50.0,50.0,40.0,40.0,0,Saadnayel,1,0,Zahle_District,4-6
50.0,50.0,7.0,16.0,0,Sabbah,1,0,South_Governorate,4-6
50.0,50.0,10.0,23.0,0,Safra Kesrouane,1,0,Keserwan_District,4-6
40.0,60.0,20.0,20.0,0,Saghbine,1,0,Western_Beqaa_District,4-6
51.0,49.0,15.0,40.0,0,Saida,1,0,Sidon_District,4-6
45.0,55.0,10.0,50.0,0,Saksakiyeh,1,0,Sidon_District,4-6
60.0,40.0,50.0,15.0,0,Salhiyet Saida,1,0,Sidon_District,4-6
50.0,50.0,20.0,45.0,0,Salima Baabda,1,0,Baabda_District,4-6
55.0,45.0,10.0,35.0,0,Sammaqiyeh,1,0,Akkar_Governorate,4-6
50.0,50.0,15.0,40.0,0,Saouanet Marjayoun,1,0,Marjeyoun_District,4-6
50.0,50.0,18.0,20.0,0,Sarba En-Nabatieh,1,0,Nabatieh_Governorate,4-6
50.0,50.0,15.0,20.0,0,Sariita,1,0,Byblos_District,4-6
60.0,40.0,15.0,35.0,0,Sarin Fawqa,1,0,Baalbek-Hermel_Governorate,4-6
40.0,60.0,5.0,20.0,0,Sayssouq,1,0,Akkar_Governorate,4-6
50.0,50.0,20.0,30.0,1,Sebaal Zgharta,0,0,Zgharta_District,1-3
52.0,48.0,18.0,25.0,0,Sehjoud,1,0,Hermel_District,4-6
50.0,50.0,20.0,30.0,0,Selaa,1,0,Tyre_District,4-6
52.0,48.0,17.0,20.0,0,Selaata,1,0,Batroun_District,4-6
55.0,45.0,10.0,40.0,0,Selfaya,1,0,Aley_District,4-6
60.0,40.0,40.0,30.0,0,Seraal,1,0,Zgharta_District,4-6
40.0,60.0,30.0,70.0,0,Serraaine Et-Tahta,1,0,Baalbek-Hermel_Governorate,4-6
52.0,48.0,20.0,25.0,0,Sfaray,1,0,South_Governorate,4-6
50.0,50.0,20.0,25.0,0,Sfaynet El-Qaitaa,1,0,Akkar_Governorate,4-6
45.0,55.0,30.0,40.0,0,Sfinet Ed-Draib,0,1,Akkar_Governorate,7+
50.0,50.0,5.0,40.0,0,Sfireh,1,0,Miniyeha-Danniyeh_District,4-6
43.0,45.0,35.0,30.0,0,Shawagheer El-Faouqa,1,0,Hermel_District,4-6
40.0,60.0,30.0,40.0,0,Shayleh Kesrouane,1,0,Keserwan_District,4-6
60.0,40.0,30.0,40.0,0,Sibline,1,0,Mount_Lebanon_Governorate,4-6
0.0,0.0,20.0,30.0,0,Sindianet Zeidane,0,1,Akkar_Governorate,7+
49.0,51.0,1.0,17.0,0,Sinn El-Fil,1,0,Matn_District,4-6
55.0,45.0,10.0,30.0,0,Sir El-Gharbiyeh,1,0,Nabatieh_Governorate,4-6
50.0,50.0,15.0,15.0,0,Sirhmoul,1,0,Aley_District,4-6
55.0,45.0,0.0,0.0,0,Sirjbal,1,0,Mount_Lebanon_Governorate,4-6
52.0,48.0,5.0,10.0,0,Sohmor,1,0,Western_Beqaa_District,4-6
55.0,45.0,15.0,10.0,0,Soltan Yacoub el Aradi,1,0,Western_Beqaa_District,4-6
50.0,50.0,30.0,10.0,0,Souairi,1,0,Western_Beqaa_District,4-6
60.0,40.0,20.0,25.0,0,Souaisset Aakkar,1,0,Akkar_Governorate,4-6
55.0,45.0,10.0,30.0,1,Soultaniyet Bent Jbeil,0,0,Bint_Jbeil_District,1-3
60.0,40.0,10.0,30.0,0,Srar,0,1,Akkar_Governorate,7+
35.0,65.0,30.0,15.0,1,Srayri,0,0,South_Governorate,1-3
50.0,50.0,20.0,30.0,0,Srifa,1,0,Tyre_District,4-6
50.0,50.0,40.0,60.0,0,Taaid,1,0,South_Governorate,4-6
50.0,50.0,30.0,20.0,0,Taalbaya,1,0,Zahle_District,4-6
40.0,60.0,20.0,20.0,0,Taazaniyeh,1,0,Aley_District,4-6
50.0,50.0,65.0,55.0,0,Taibet Baalbek,1,0,Baalbek-Hermel_Governorate,4-6
60.0,40.0,5.0,10.0,0,Tal Aabbas,1,0,Akkar_Governorate,4-6
60.0,40.0,25.0,25.0,1,Talia,0,0,Baalbek-Hermel_Governorate,1-3
60.0,40.0,5.0,20.0,0,Tall Aabbas Ech-Charqi,1,0,Akkar_Governorate,4-6
55.0,45.0,20.0,30.0,0,Tall Bireh,0,1,Akkar_Governorate,7+
50.0,50.0,15.0,25.0,0,Tall Hmayra,1,0,Akkar_Governorate,4-6
60.0,40.0,25.0,30.0,0,Tall Meaayan Tall Kiri,1,0,Akkar_Governorate,4-6
60.0,40.0,4.0,23.0,0,Tall Znoub,1,0,Western_Beqaa_District,4-6
50.0,50.0,65.0,20.0,1,Tallet Chattaha,0,0,Akkar_Governorate,1-3
60.0,40.0,25.0,17.0,0,Tanbourit,1,0,Sidon_District,4-6
60.0,40.0,7.0,15.0,0,Tannoura,1,0,Beqaa_Governorate,4-6
52.0,48.0,10.0,35.0,0,Tannourine El-Faouqa,1,0,Batroun_District,4-6
52.0,48.0,10.0,15.0,0,Taraiya,1,0,Baalbek-Hermel_Governorate,4-6
55.0,45.0,10.0,35.0,0,Tarchich,1,0,Baabda_District,4-6
50.0,50.0,20.0,20.0,0,Tartij,1,0,Byblos_District,4-6
50.0,50.0,15.0,10.0,0,Tawfiqiya,1,0,Baalbek-Hermel_Governorate,4-6
60.0,40.0,20.0,15.0,0,Tayr Debbeh,1,0,Tyre_District,4-6
50.0,50.0,3.0,35.0,0,Teffahta,1,0,Sidon_District,4-6
55.0,45.0,15.0,15.0,0,Temnine El-Faouqa,1,0,Baalbek-Hermel_Governorate,4-6
65.0,35.0,25.0,30.0,0,Temnine Et-Tahta,1,0,Baalbek-Hermel_Governorate,4-6
60.0,40.0,20.0,18.0,0,Terbol Zahleh,1,0,Zahle_District,4-6
50.0,50.0,30.0,25.0,0,Thoum,1,0,Batroun_District,4-6
60.0,40.0,15.0,20.0,0,Tibnine,1,0,Bint_Jbeil_District,4-6
60.0,40.0,10.0,40.0,0,Tikrit,1,0,Akkar_Governorate,4-6
52.0,48.0,57.0,53.0,0,Tleil,1,0,Akkar_Governorate,4-6
40.0,60.0,5.0,50.0,0,Torbol Menie,1,0,Miniyeha-Danniyeh_District,4-6
55.0,45.0,25.0,35.0,0,Toula,1,0,Zgharta_District,4-6
55.0,45.0,30.0,25.0,1,Toula El-Batroun,0,0,Batroun_District,1-3
50.0,50.0,5.0,10.0,0,Touline,1,0,Marjeyoun_District,4-6
57.0,43.0,10.0,55.0,0,Toura,1,0,Tyre_District,4-6
70.0,30.0,2.0,35.0,0,Tshea,1,0,Akkar_Governorate,4-6
52.0,48.0,7.0,48.0,0,Vidar,1,0,Byblos_District,4-6
55.0,45.0,40.0,20.0,0,Wadi Jezzine,1,0,South_Governorate,4-6
40.0,60.0,5.0,5.0,0,Yammouneh,1,0,Baalbek-Hermel_Governorate,4-6
55.0,45.0,20.0,25.0,0,Yanouh Sour,1,0,Tyre_District,4-6
45.0,35.0,35.0,15.0,0,Yanta,1,0,Beqaa_Governorate,4-6
50.0,50.0,18.0,40.0,0,Yaroun,1,0,Bint_Jbeil_District,4-6
45.0,55.0,30.0,35.0,0,Yater,1,0,Bint_Jbeil_District,4-6
50.0,50.0,30.0,30.0,0,Yohmor En-Nabatiyeh,1,0,Nabatieh_Governorate,4-6
60.0,40.0,15.0,25.0,0,Yohmor West Bekaa,1,0,Western_Beqaa_District,4-6
55.0,45.0,25.0,30.0,0,Zaaitreh,1,0,Keserwan_District,4-6
51.37,48.63,12.0,20.0,0,Zaarouriyeh,1,0,Mount_Lebanon_Governorate,4-6
50.0,50.0,15.0,60.0,0,Zabboud,1,0,Baalbek-Hermel_Governorate,4-6
55.0,45.0,10.0,30.0,0,Zabbougha,1,0,Matn_District,4-6
40.0,60.0,20.0,7.0,0,Zaghartaghrine,1,0,Miniyeha-Danniyeh_District,4-6
51.0,49.0,20.0,20.0,0,Zahleh El-Maallaqa,1,0,Zahle_District,4-6
60.0,40.0,20.0,50.0,1,Zaitoun,0,0,Keserwan_District,1-3
50.0,50.0,10.0,40.0,0,Zakrit,1,0,Matn_District,4-6
44.0,56.0,15.0,14.0,0,Zakroun,1,0,North_Governorate,4-6
45.0,55.0,35.0,40.0,0,Zalqa,1,0,Matn_District,4-6
53.0,47.0,20.0,32.0,0,Zandouqa,1,0,Baabda_District,4-6
60.0,40.0,30.0,20.0,0,Zaneh,1,0,Batroun_District,4-6
50.0,50.0,25.0,17.0,0,Zaoutar Ech-Charqiyeh,1,0,Nabatieh_Governorate,4-6
55.0,45.0,30.0,60.0,0,Zebdine,1,0,Byblos_District,4-6
55.0,45.0,5.0,10.0,0,Zefta,1,0,Nabatieh_Governorate,4-6
45.0,55.0,33.0,66.0,1,Zeita,0,0,Sidon_District,1-3
45.0,55.0,20.0,30.0,1,Zgharta-Ehden,0,0,Zgharta_District,1-3
55.0,45.0,10.0,30.0,0,Zhilta,1,0,South_Governorate,4-6
60.0,40.0,20.0,80.0,1,Zibdine En-Nabatiyeh,0,0,Nabatieh_Governorate,1-3
50.0,50.0,10.0,10.0,0,Zilaya,1,0,Western_Beqaa_District,4-6
50.0,50.0,40.0,30.0,1,Zouarib,0,0,Akkar_Governorate,1-3
50.0,50.0,15.0,20.0,0,Zouk El-Kharab,1,0,Matn_District,4-6
60.0,40.0,35.0,10.0,0,Zouk Mkayel,1,0,Keserwan_District,4-6
58.0,42.0,34.0,66.0,0,Zouk Mousbeh,1,0,Keserwan_District,4-6
60.0,40.0,20.0,35.0,0,Zouq El Hosniyeh,1,0,Akkar_Governorate,4-6
60.0,40.0,0.0,0.0,0,Zouq El-Hadara,1,0,Akkar_Governorate,4-6
50.0,50.0,30.0,10.0,0,Zouq El-Hbalsa,1,0,Akkar_Governorate,4-6
53.0,47.0,10.0,40.0,1,Zrariyeh,0,0,Sidon_District,1-3
52.0,49.0,4.0,60.0,0,Zrazeer,1,0,Baalbek-Hermel_Governorate,4-6
50.0,50.0,20.0,30.0,0,aain Aalaq,1,0,Matn_District,4-6
65.0,35.0,11.0,15.0,1,berqayel,0,0,Akkar_Governorate,1-3
50.0,50.0,30.0,45.0,0,ebra wChouane,1,0,Keserwan_District,4-6
45.0,55.0,15.0,20.0,0,hadtoun,1,0,Batroun_District,4-6
50.0,50.0,25.0,35.0,0,jouar Hasheesh,1,0,Hermel_District,4-6
52.0,48.0,15.0,25.0,0,mazboud,1,0,Mount_Lebanon_Governorate,4-6
50.0,50.0,20.0,20.0,0,shebaneye,1,0,Baabda_District,4-6
40.0,60.0,20.0,20.0,0,tarane,1,0,Miniyeha-Danniyeh_District,4-6
